{
  "CCm6FeRpzbiNpStMAAAN": {
    "username": "1",
    "x": 694.4822762118688,
    "y": 117.1318420736895,
    "angle": 0,
    "skin": "tank2",
    "hp": 70,
    "maxHp": 70,
    "speed": 5.5,
    "damage": 8,
    "recoil": 3,
    "reloadTime": 150,
    "lastShotTime": 0,
    "lastActive": 1767665136483,
    "invincibleUntil": 0
  }
}